,method,score,size
0,LocalOutlierFactor()_outlier,11.468541900495898,19193
1,OneClassSVM()_outlier,7.246029087229465,10022
2,IsolationForest()_outlier,10.93080726288191,19018
3,EllipticEnvelope()_outlier,12.180030312502321,18031
4,No Method_outlier,12.41277638315194,20035
